{
  "weights": {},
  "performances": {
    "ensemble": {
      "scores": [
        0.40110354,
        1.04640246,
        1.0516040899999999
      ],
      "hits": 1,
      "total": 3,
      "weighted_brier": 0.12038411859250009,
      "weight_sum": 0.1426250000000001
    }
  }
}