{
  "weights": {},
  "performances": {
    "ensemble": {
      "scores": [
        0.40110354,
        1.04640246,
        1.0516040899999999,
        0.8173393400000001,
        0.8723888599999999,
        0.17278775999999998,
        0.8173393400000001,
        0.8723888599999999,
        0.17278775999999998
      ],
      "hits": 3,
      "total": 9,
      "weighted_brier": 0.25001127017444547,
      "weight_sum": 0.36975059027539087
    }
  }
}