{
  "weights": {},
  "performances": {
    "ensemble": {
      "scores": [
        0.40110354,
        1.04640246,
        1.0516040899999999,
        0.8173393400000001,
        0.8723888599999999,
        0.17278775999999998
      ],
      "hits": 2,
      "total": 6,
      "weighted_brier": 0.1901746302457448,
      "weight_sum": 0.2649081093750002
    }
  }
}