{
  "weights": {},
  "performances": {
    "ensemble": {
      "scores": [
        0.40110354,
        1.04640246,
        1.0516040899999999,
        0.8173393400000001,
        0.8723888599999999,
        0.17278775999999998,
        0.8173393400000001,
        0.8723888599999999,
        0.17278775999999998,
        0.8451539500000002,
        0.22178615999999998,
        0.62473922,
        0.36345624,
        0.78688734,
        0.8035459799999999,
        0.04821866
      ],
      "hits": 6,
      "total": 16,
      "weighted_brier": 0.33134745321729314,
      "weight_sum": 0.5598733313482345
    }
  }
}